Lat,Lon,Title,Continent,Country,Jan,Feb,Mar,Apr,May,Jun,Jul,Aug,Sep,Oct,Nov,Dec,Year
6.1329749,-5.9517697,Gagnoa,Africa,Ivory Coast,183,180,196,188,181,118,97,80,110,155,171,164,1823
7.6906058,-5.0298408,Bouaké,Africa,Ivory Coast,242,224,219,194,208,145,104,82,115,170,191,198,2092
5.320357,-4.016107,Abidjan,Africa,Ivory Coast,223,223,239,214,205,128,137,125,139,215,224,224,2296
9.504431,-7.561942,Odienné,Africa,Ivory Coast,242,220.2,217.3,214.7,248.8,221.8,183.5,174.5,185.4,235.8,252,242.6,2638.6
9.5939778,-5.1975952,Ferké,Africa,Ivory Coast,279,249,253,229,251,221,183,151,173,245,261,262,2757
6.3676953,2.4252507,Cotonou,Africa,Benin,213.9,210,223.2,219,213.9,141,136.4,148.8,165,207.7,243,223.2,2345.2
9.3400159,2.6278258,Parakou,Africa,Benin,261,243,252,230,239,193,133,104,129,217,252,248,2501
24.0095212,88.1164016,Kandi,Africa,Benin,279,257.6,260.4,255,272.8,252,223.2,195.3,213,275.9,282,279,3045.2
6.130419,1.215829,Lomé,Africa,Togo,217.5,214,227.9,201.9,208.6,146,141.6,148.8,152.5,205.5,234,235.6,2333.9
44.686443,8.150239,Mango,Africa,Togo,285,254,270,241,261,219,168,131,161,273,284,279,2826
5.5600141,-0.2057437,Accra,Africa,Ghana,217,226,217,210,217,150,155,155,180,217,240,248,2432
9.4051992,-0.8423986,Tamale,Africa,Ghana,265.6,235.7,249.6,229,248,212,171.5,139,161,260.9,283,263.5,2718.7
6.698081,-1.6230404,Kumasi,Africa,Ghana,186.6,187.2,205.4,204,204.7,146.3,101.2,77,106.2,161.4,193.8,178,1951.8
9.3070698,13.3934527,Garoua,Africa,Cameroon,275,252.6,260.1,245.4,256.7,224.4,194,187.2,204.5,261.5,279.2,286.5,2927.1
7.3763099,13.5960578,N'Gaoundéré,Africa,Cameroon,286.4,258.7,235.4,195.5,195.4,165.7,128,127.8,139,184,264.1,291.4,2471.4
4.0429408,9.706203,Douala,Africa,Cameroon,184,179,170,174,169,107,55,46,79,120,160,175,1618
3.8689867,11.5213344,Yaoundé,Africa,Cameroon,177,172,149,153,158,112,85,83,97,120,159,179,1644
0.390002,9.454001,Libreville,Africa,Gabon,175.2,176.8,176.9,176.8,159.5,130.6,119.2,90.4,95.9,112.9,134.6,167.8,1716.6
-0.7149116,8.7797434,Port-Gentil,Africa,Gabon,150.4,160.8,154.5,151.5,147.8,156.3,163.1,135.3,125.7,116.1,115.1,147.2,1723.8
6.4550575,3.3941795,Lagos,Africa,Nigeria,164.3,169.5,173.6,180,176.7,114,99.2,108.5,114,167.4,186,192.2,1845.4
7.7312634,8.538425,Makurdi,Africa,Nigeria,236,226,223,216,223,177,143,118,144,198,228,248,2380
9.9175125,8.8979401,Jos,Africa,Nigeria,307,274,260,220,208,201,151,127,171,242,294,313,2768
49.1828008,-0.3690815,Kano,Africa,Nigeria,275,255,267,252,273,261,233,186,237,295,297,285,3114
13.0611195,5.3152203,Sokoto,Africa,Nigeria,279,269,282,255,279,282,229,208,243,307,297,288,3238
19.619217,37.211709,Port Sudan,Africa,Sudan,214,230,282,312,338,309,307,298,300,307,249,236,3382
15.593325,32.53565,Khartoum,Africa,Sudan,341,311,310,330,300,300,279,279,300,310,330,341,3737.1
15.3389667,38.9326763,Asmara,Africa,Eritrea,304.7,289.1,300.7,300.5,298.5,271.5,217.9,220.1,260.4,301,292.5,299.1,3361
12.368148,-1.527085,Ouagadougou,Africa,Burkina Faso,287,263,264,256,277,264,240,223,217,273,288,284,3136
13.580982,-2.417699,Ouahigouya,Africa,Burkina Faso,291,267,280,268,284,272,258,253,261,280,288,280,3282
13.524834,2.109823,Niamey,Africa,Niger,297.6,263.2,269.7,252,279,267,257.3,235.6,235.6,282.6,282,279,3203.2
12.1191543,15.0502758,N'Djamena,Africa,Chad,297.6,277.2,282.1,273,285.2,258,213.9,201.5,228,285.2,300,303.8,3205.5
13.8280295,20.8283652,Abéché,Africa,Chad,316.2,291.2,300.7,300,313.1,300,254.2,226.3,261,306.9,312,319.3,3500.9
13.45535,-16.575646,Banjul,Africa,Gambia,279,282,310,300,310,270,186,186,180,248,240,279,3070
14.693425,-17.447938,Dakar,Africa,Senegal,253,249,303,301,299,259,233,204,219,254,256,249,3078
14.7948093,-16.9529272,Thiès,Africa,Senegal,267,260,325,332,324,276,226,188,221,267,271,257,3214
2.042778,45.338564,Mogadishu,Africa,Somalia,268,251,282,260,273,218,226,253,265,267,261,259,3082
3.90006,45.53233,Buloburde,Africa,Somalia,290,283,293,249,287,261,216,238,262,230,246,268,3124
11.8145966,42.8453061,Djibouti City,Africa,Djibouti,254,249,279,279,310,237,236,276,282,310,291,276,3279
14.037235,-6.0372928,Ségou,Africa,Mali,292,276,292,263,274,266,254,223,242,283,287,287,3239
16.7719091,-3.0087272,Timbuktu,Africa,Mali,283,288,297,283,306,284,294,281,279,291,287,276,3447
12.649319,-8.000337,Bamako,Africa,Mali,277.4,253,268.1,230.4,242.6,233.6,216.6,218.3,221.7,253.7,270.7,268.9,2954.1
36.7753606,3.0601882,Algiers,Africa,Algeria,149,165,202,258,319,318,350,319,237,229,165,136,2847
24.3753438,4.3208436,Tamanrasset,Africa,Algeria,297.6,275.5,322.4,327,328.6,306,356.5,331.7,288,310,285,272.8,3686
33.8439408,9.400138,Tunis,Africa,Tunisia,145.7,165.3,198.4,225,282.1,309,356.5,328.6,258,217,174,148.8,2808.4
33.8833922,10.0971389,Gabes,Africa,Tunisia,220.1,215.6,251.1,267,313.1,321,372,353.4,279,260.4,228,210.8,3291.5
34.022405,-6.834543,Rabat,Africa,Morocco,179.8,183.6,232.5,255,291.4,288,316.2,306.9,261,235.6,189,179.8,2918.8
31.6258257,-7.9891608,Marrakech,Africa,Morocco,220.1,211.8,248,255,288.3,315,334.8,316.2,264,244.9,213,220.1,3131.2
30.920193,-6.910923,Ouarzazate,Africa,Morocco,251.8,244.9,297.2,315.2,332.7,335,317.7,293.2,266.4,271.3,242.9,248.1,3416.4
30.048819,31.243666,Cairo,Africa,Egypt,229.4,234.9,279,306,331.7,363,372,356.5,318,294.5,246,210.8,3541.8
31.199004,29.894378,Alexandria,Africa,Egypt,217,226.2,279,318,337.9,357,372,368.9,333,306.9,246,207.7,3579.5
29.8500001,31.333333,Helwan,Africa,Egypt,235.6,246.5,291.4,318,353.4,384,390.6,375.1,333,303.8,258,235.6,3725
32.896672,13.1777923,Tripoli,Africa,Libya,206,214,237,250,315,312,376,352,271,244,212,198,3187
32.1288331,20.0817204,Benghazi,Africa,Libya,179.8,192,232.5,252,319.3,327,381.3,365.8,288,251.1,213,167.4,3169.2
-4.05052,39.667169,Mombasa,Africa,Kenya,269.7,257.1,269.7,225,204.6,207,210.8,244.9,246,272.8,264,260.4,2932
-1.2832533,36.8172449,Nairobi,Africa,Kenya,288.3,266,266.6,204,189.1,159,130.2,127.1,180,226.3,198,257.3,2491.9
-0.523603,40.3563869,Garissa,Africa,Kenya,251.1,235.2,263.5,273,282.1,255,254.2,257.3,270,279,252,241.8,3114.2
3.1166086,35.6000028,Lodwar,Africa,Kenya,319,280,282,279,307,297,279,310,321,316,282,310,3582
-8.8272699,13.2439512,Luanda,Africa,Angola,219,208,213,199,233,223,175,150,145,164,199,212,2341
4.8472017,31.5951655,Juba,Africa,South Sudan,288.3,237.8,220.1,195,241.8,225,182.9,213.9,225,235.6,237,251.1,2753.5
7.6999269,27.9910035,Wau,Africa,South Sudan,300.7,269.7,260.4,228,254.2,237,176.7,192.2,210,229.4,267,303.8,2929.1
-6.8160837,39.2803583,Dar-es-Salaam,Africa,Tanzania,251,241,217,156,192,231,251,242,243,254,270,287,2815
-6.0999443,39.3209443,Zanzibar,Africa,Tanzania,251,243,213,180,210,220,235,253,254,270,250,259,2838
-5.1913822,32.5080629,Tabora,Africa,Tanzania,216,218,219,227,283,303,310,297,312,301,240,217,3143
-6.3372817,35.7371771,Dodoma,Africa,Tanzania,241.8,217.5,241.8,240,279,294,341,297.6,300,310,303,269.7,3335.4
13.4966096,39.4767857,Mekelle,Africa,Ethiopia,294.2,276.7,279.9,277.2,303.2,230.1,165.5,166.5,248.7,291.1,292.8,303.5,3129.4
9.0107934,38.7612525,Addis Abeba,Africa,Ethiopia,269.7,246.5,248,213,217,156,68.2,83.7,138,266.6,267,266.6,2440.3
49.0807647,-0.6562745,Brazaville,Africa,Congo,168,152,194,185,188,153,127,149,145,150,157,147,1915
-4.7485355,11.8523109,Pointe-Noire,Africa,Congo,157,156,164,160,150,132,119,106,70,93,123,144,1574
-4.2005398,12.6791573,Dolisie,Africa,Congo,153,164,159,152,151,136,119,105,91,116,128,133,1607
-4.3217055,15.3125974,Kinshasa,Africa,Democratic Republic of the Congo,124,140,155,150,155,120,124,155,120,155,150,124,1672
-11.6642316,27.4826264,Lubumbashi,Africa,Democratic Republic of the Congo,129,120,174,234,291,295,315,318,294,282,194,132,2778
20.9131304,-17.0501015,Nouadhibou,Africa,Mauritania,271,248,300,295,315,303,275,281,261,260,257,264,3332
18.0792379,-15.9780071,Nouakchott,Africa,Mauritania,267,250,302,311,320,284,271,265,266,263,268,267,3333
-25.7459374,28.1879444,Pretoria,Africa,South Africa,261,235,254,246.6,283,271,289,296,284,275,254,272,3220
-33.928992,18.417396,Cape Town,Africa,South Africa,337.9,297.4,292.9,233.5,205.3,175.4,193.1,212.1,224.7,277.7,309.8,334.2,3094
-26.205,28.049722,Johannesburg,Africa,South Africa,250.1,224.8,238.8,236.9,276,266.9,283.9,284.1,280.8,269.5,248.7,263.9,3124.4
-29.116395,26.215496,Bloemfontein,Africa,South Africa,296.3,247.9,258.6,250.2,266,249.9,272.6,285.9,278,290.9,296.5,319.5,3312.3
-28.456325,21.241867,Upington,Africa,South Africa,352.9,298.7,297.5,283.5,290.5,270.3,289.8,307.3,300.2,328.9,345.2,367,3731.8
-29.861825,31.009909,Durban,Africa,South Africa,184,178.8,201.6,206.4,223.6,224.9,230.4,217,173.3,169.4,166.1,189.9,2365.4
44.4284702,14.9217711,Maun,Africa,Botswana,245,207,257,282,310,300,313,332,315,291,264,214,3330
-24.6581357,25.9088474,Gaborone,Africa,Botswana,280.6,261.5,264.4,260.5,284.2,260,292.4,313.6,308.4,295.4,265.5,285.2,3371
-21.6989682,21.6452408,Ghanzi,Africa,Botswana,295,280,313,282,316,306,316,319,305,279,300,267,3579
-12.9693056,28.6365894,Ndola,Africa,Zambia,151.9,142.8,192.2,243,279,276,297.6,297.6,279,269.7,207,158.1,2793.9
-15.4164488,28.2821535,Lusaka,Africa,Zambia,176.7,168,220.1,246,275.9,270,294.5,303.8,291,272.8,234,182.9,2935.7
-17.853135,25.861429,Livingstone,Africa,Zambia,213.9,196,251.1,273,303.8,288,310,319.3,297,279,228,207.7,3166.8
-17.831773,31.045686,Harare,Africa,Zimbabwe,217,190.4,232.5,249,269.7,264,279,300.7,294,285.2,231,198.4,3010.9
-20.1560599,28.5887063,Bulawayo,Africa,Zimbabwe,244.9,212.8,251.1,252,279,267,288.3,300.7,288,272.8,237,226.3,3119.9
-10.0847469,33.8661918,Karonga,Africa,Malawi,176.7,170.8,207.7,222,254.2,264,285.2,306.9,306,319.3,273,213.9,2999.7
-15.7862543,35.0035694,Blantyre,Africa,Malawi,198.4,182,217,237,260.4,237,232.3,260.4,270,275.9,228,198.4,2797
-11.4607518,34.0226422,Mzuzu,Africa,Malawi,145.7,142.1,164.3,171,217,219,238.5,275.9,288,300.7,252,176.7,2590.9
-21.456444,47.085149,Fianarantsoa,Africa,Madagascar,191.1,171,175.4,184.8,186,165.9,163.5,191.1,220.5,230.4,208,190.1,2277.8
-18.1553985,49.4098352,Toamasina,Africa,Madagascar,224.7,198.2,191,196.9,192.1,162.5,162.8,184.6,209.7,232.7,236,219.2,2410.4
-18.9100122,47.5255809,Antananarivo,Africa,Madagascar,210.5,178,199.1,220.5,228.8,206.1,213.9,235,249.5,251,232.7,201.1,2626.2
-12.2779134,49.2913394,Antsiranana,Africa,Madagascar,189.2,170,214.9,256.4,284.8,256.5,273.1,283.6,293.3,306.8,281.5,228.9,3039
-15.7181492,46.3172577,Mahajanga,Africa,Madagascar,209,184.9,244.8,269.9,294.9,282.9,291.5,303.1,307,319.7,288.2,227.3,3223.2
-23.354173,43.66966,Toliara,Africa,Madagascar,305,285,296,302,306,277,291,298,307,324,313,306,3610
-25.966213,32.56745,Maputo,Africa,Mozambique,248,226,248,240,248,240,248,248,248,217,210,217,2838
4.3907153,18.5509126,Bangui,Africa,Central African Republic,217,196,186,180,186,180,124,124,150,155,180,217,2095
10.2961965,22.7809907,Birao,Africa,Central African Republic,289.6,275,270.6,248.1,255.7,216.9,190.7,186.5,210,267.2,290.3,297.4,2998
0.3177137,32.5813539,Kampala,Africa,Uganda,238,193,189,195,187,189,139,168,157,172,178,205,2210
0.3177137,32.5813539,Kampala,Africa,Uganda,238,193,189,195,187,189,139,168,157,172,178,205,2210
0.0611715,32.4698564,Entebbe,Africa,Uganda,233,204,205,180,192,186,198,195,195,201,198,211,2398
-3.3638125,29.3675028,Bujumbura,Africa,Burundi,167.4,158.2,176.7,165,210.8,255,272.8,251.1,213,189.1,150,164.3,2373.4
9.5170602,-13.6998434,Conakry,Africa,Guinea,223,224,251,222,208,153,109,87,135,189,207,214,2222
10.6248355,-9.3175166,Kankan,Africa,Guinea,262,236,249,220,234,216,169,159,191,221,241,260,2658
11.861324,-15.583055,Bissau,Africa,Guinea-Bissau,248,226,279,270,248,210,186,155,180,217,240,248,2707
1.8650897,9.768665,Bata,Africa,Equatorial Guinea,201.5,192.1,173.6,177,189.1,147,142.6,142.6,114,114.7,141,186,1921.2
3.752828,8.780061,Malabo,Africa,Equatorial Guinea,148.8,152.5,108.5,120,117.8,69,46.5,58.9,48,68.2,99,139.5,1176.7
25.069992,34.893817,Marsa Alam,Africa,Egypt,279,283,310,330,372,390,403,372,330,310,300,279,3958
25.4522583,30.5416007,Kharga,Africa,Egypt,287.8,274.4,297.8,307.2,336.8,361.6,359.9,364.9,321.1,313,289.7,276.6,3790.8
25.5120622,29.2581601,Dakhla Oasis,Africa,Egypt,294.5,279.7,316.2,315,356.5,366,384.4,375.1,336,328.6,300,291.4,3943.4
-26.5723369,18.1452757,Keetmanshoop,Africa,Namibia,353,300,312,306,304,287,305,323,319,343,348,348,3870
-22.5743922,17.0790688,Windhoek,Africa,Namibia,288,254,282,273,310,309,326,341,321,319,297,285,3605
34.5260131,69.1776476,Kabul,Asia,Afghanistan,177.2,178.6,204.5,232.5,310.3,353.4,356.8,339.7,303.9,282.6,253.2,182.4,3175.1
40.3754434,49.8326748,Baku,Asia,Azerbaijan,89.9,89,124,195,257.3,294,313.1,282.1,222,145.7,93,102.3,2207.4
23.7593572,90.3788136,Dhaka,Asia,Bangladesh,279,226,217,180,155,90,62,62,90,186,240,279,2066
39.906217,116.3912757,Beijing,Asia,China,194.1,194.7,231.8,251.9,283.4,261.4,212.4,220.9,232.1,222.1,185.3,180.7,2670.8
29.5585712,106.5492822,Chongqing,Asia,China,20.6,29.7,64.9,93.6,109.4,97.7,158.6,167,106.6,50.4,35.9,20.4,954.8
29.6553895,91.1704736,Lhasa,Asia,China,250.9,226.7,246.1,248.9,276.6,257.3,227.4,219.6,229,281.7,267.4,258.6,2990.2
31.2252985,121.4890497,Shanghai,Asia,China,114.3,119.9,128.5,148.5,169.8,130.9,190.8,185.7,167.5,161.4,131.1,127.4,1775.8
43.419754,87.319461,Ürümqi,Asia,China,101.6,128.8,180.5,248,283.3,282.7,298.7,301,262.6,224.4,127.4,84.3,2523.3
22.2793278,114.1628131,Hong Kong,Asia,Hong Kong,143,94.2,90.8,101.7,140.4,146.1,212,188.9,172.3,193.9,180.1,172.2,1835.6
28.6517178,77.2219388,Delhi,Asia,India,214.6,216.1,239.1,261,263.1,196.5,165.9,177,219,269.3,247.2,215.8,2684.6
22.5677459,88.3476023,Kolkata,Asia,India,203.9,201.2,225.8,235.4,227.1,123.1,93.1,104.9,116.2,182.6,190.8,203.4,2107.5
18.9387711,72.8353355,Mumbai,Asia,India,269.5,257.6,274.3,283.7,296.2,148.6,73.4,75.9,165.1,240.2,245.8,253.2,2583.5
12.9791198,77.5912997,Bangalore,Asia,India,262,248,271,257,241,137,112,114,144,173,190,212,2361
-6.1753942,106.827183,Jakarta,Asia,Indonesia,189.1,180.8,238.7,255,260.4,255,282.1,294.5,300.7,279,231,217,2983.3
35.7006177,51.4013785,Tehran,Asia,Iran,137.2,151.1,186,219.1,279.8,328.7,336.6,336.8,300.5,246.8,169.4,134.1,2826.1
33.3024309,44.3787992,Baghdad,Asia,Iraq,192.2,203.3,244.9,255,300.7,348,347.2,353.4,315,272.8,213,195.3,3240.8
32.0804808,34.7805274,Tel Aviv,Asia,Israel,192.2,200.1,235.6,270,328.6,357,368.9,356.5,300,279,234,189.1,3311
43.061936,141.3542924,Sapporo,Asia,Japan,92.5,104,146.6,176.5,198.4,187.8,164.9,171,160.5,152.3,100,85.9,1740.4
35.6828387,139.7594549,Tokyo,Asia,Japan,184.5,165.8,163.1,176.9,167.8,125.4,146.4,169,120.9,131,147.9,178,1876.7
43.2363924,76.9457275,Almaty,Asia,Kazakhstan,118,119,147,194,241,280,306,294,245,184,127,101,2356
51.1282205,71.4306682,Astana,Asia,Kazakhstan,103,147,192,238,301,336,336,294,230,136,100,94,2507
22.1757605,113.5514142,Macau,Asia,Macau,127.4,79.4,71.5,85.3,136.4,155.3,223.2,195.4,176.5,192.3,172.2,159.1,1773.9
47.9184676,106.9177016,Ulaanbaatar,Asia,Mongolia,179.1,204.8,265.2,262.5,299.3,269,249.3,258.3,245.7,227.5,177.4,156.4,2791.5
39.0194741,125.753388,Pyongyang,Asia,North Korea,184,197,231,237,263,229,181,204,222,214,165,165,2492
23.5997857,58.5451305,Muscat,Asia,Oman,268.6,244.8,278.3,292.5,347.4,325.7,277.7,278.6,303.9,316.9,291.9,267,3493.3
24.8667795,67.0311286,Karachi,Asia,Pakistan,270.7,249.4,271.6,277.4,299.1,231.8,155,147.7,218.8,283.5,273.3,272,2950.3
31.5656079,74.3141775,Lahore,Asia,Pakistan,218.8,215,245.8,276.6,308.3,269,227.5,234.9,265.6,290,259.6,222.9,3034
14.5906216,120.9799696,Manila,Asia,Philippines,176.7,197.8,225.8,258,222.7,162,132.8,132.8,132,157.6,153,151.9,2103.1
73.5083894,80.5123816,Dikson,Asia,Russia,0,22.6,127.1,237,189.1,141,223.2,139.5,60,24.8,0,0,1164.3
52.289597,104.280586,Irkutsk,Asia,Russia,93,149,207,223,266,264,243,218,182,152,93,62,2142
54.991375,73.371529,Omsk,Asia,Russia,68,125,184,235,284,319,321,248,180,105,71,61,2201
53.0199693,158.6472187,Petropavlovsk-Kamchatsky,Asia,Russia,105.4,115.8,176.7,192,192.2,192,170.5,176.7,177,158.1,123,93,1872.4
43.1150678,131.8855768,Vladivostok,Asia,Russia,178,184,216,192,199,130,122,149,197,205,168,156,2096
62.027287,129.732086,Yakutsk,Asia,Russia,18.6,98,232.5,273,303.8,333,347.2,272.8,174,105.4,60,9.3,2227.6
18.2164282,42.5043596,Abha,Asia,Saudi Arabia,266.6,265.6,294.5,282,288.3,276,232.5,238.7,273,291.4,273,266.6,3248.2
24.6319692,46.7150648,Riyadh,Asia,Saudi Arabia,212.4,226.6,219.8,242.3,287.7,328.2,332.1,309.2,271.6,311.4,269.2,214.3,3224.8
1.340863,103.8303918,Singapore,Asia,Singapore,172.4,183.2,192.7,173.6,179.8,177.7,187.9,180.6,156.2,155.2,129.6,133.5,2022.4
35.1799528,129.0752365,Busan,Asia,South Korea,199,182.5,193,210,221.7,179.7,165.8,200.9,167.2,208.9,194.4,204.3,2327.3
37.5649826,126.9392108,Seoul,Asia,South Korea,160.3,163.3,189,205,213,182,120,152.5,176.2,198.8,153.2,152.6,2066
22.6203348,120.3120375,Kaohsiung,Asia,Taiwan,174.7,165.8,187,189.1,198.5,199.9,221.4,193.7,175.7,182.4,162.2,161.8,2212.2
24.163162,120.6478282,Taichung,Asia,Taiwan,176.6,140.6,149.9,137.8,158.7,160.1,199.6,178.7,175.8,203.7,179.4,182.3,2043.2
25.0375198,121.5636796,Taipei,Asia,Taiwan,80.6,71.3,89.6,92.6,113.7,121.7,179,188.9,153.7,124,99.4,90.7,1405.2
13.7542529,100.493087,Bangkok,Asia,Thailand,272.5,249.9,269,256.7,216.4,178,171.8,160.3,154.9,198.1,234.2,262,2623.8
18.790876,98.988048,Chiang Mai,Asia,Thailand,272.8,257.1,294.5,279,198.4,156,120.9,117.8,144,201.5,216,254.2,2512.2
7.0027648,100.4575824,Hat Yai,Asia,Thailand,182.9,166.7,186,144,114.7,111,114.7,114.7,108,111.6,105,108.5,1567.8
15.2241917,101.9313754,Nakhon Ratchasima,Asia,Thailand,226.3,211.9,201.5,186,155,114,117.8,117.8,108,145.7,186,226.3,1996.3
39.9207774,32.854067,Ankara,Asia,Turkey,77.5,98.9,161.2,189,260.4,306,350.3,328.6,276,198.4,132,71.3,2449.6
25.0750095,55.1887609,Dubai,Asia,United Arab Emirates,254.2,229.6,254.2,294,344.1,342,322.4,316.2,309,303.8,285,254.2,3508.7
41.3123363,69.2787079,Tashkent,Asia,Uzbekistan,117.8,127.1,164.3,216,303.8,363,384.4,365.8,300,226.3,150,105.4,2823.9
11.9402416,108.4375758,Da Lat,Asia,Vietnam,255,234,255,202,190,147,157,136,133,140,172,215,2238
16.068,108.212,Da Nang,Asia,Vietnam,139,145,188,209,246,239,253,218,176,145,120,103,2182
21.0294498,105.8544441,Hanoi,Asia,Vietnam,74,47,47,90,183,172,195,174,176,167,137,124,1585
10.6497452,106.7619794,Ho Chi Minh City,Asia,Vietnam,245,246,272,239,195,171,180,172,162,182,200,226,2489
41.3268733,19.8187913,Tirana,Europe,Albania,124,125,165,191,263,298,354,327,264,218,127,88,2544
40.1776121,44.5125849,Yerevan,Europe,Armenia,93,108,162,177,242,297,343,332,278,212,138,92,2474
48.2083537,16.3725042,Vienna,Europe,Austria,66,106,128,183,239,228,260,251,168,139,66,51,1884
53.902334,27.5618791,Minsk,Europe,Belarus,34,72,133,185,270,267,271,251,154,103,39,28,1807
50.8436709,4.3674367,Brussels,Europe,Belgium,59,77,114,159,191,188,201,190,143,113,66,45,1546
43.8519774,18.3866868,Sarajevo,Europe,Bosnia and Herzegovina,57,84,126,152,192,207,256,238,187,149,81,41,1769
42.6978634,23.3221789,Sofia,Europe,Bulgaria,88,114,160,182,230,258,302,288,220,164,106,66,2177
45.813177,15.977048,Zagreb,Europe,Croatia,59,96,140,175,234,244,281,256,187,131,66,45,1913
50.0874654,14.4212535,Prague,Europe,Czech Republic,50,72,125,168,214,218,226,212,161,121,54,47,1668
35.1808915,33.3732586,Nicosia,Europe,Cyprus,182.9,200.1,238.7,267,331.7,369,387.5,365.8,312,275.9,213,170.5,3314.1
55.6867243,12.5700724,Copenhagen,Europe,Denmark,46,62,148,214,243,238,243,194,166,105,46,34,1739
59.4372155,24.7453688,Tallinn,Europe,Estonia,25,56,129,203,293,286,307,241,152,87,29,19,1826
62.012,-6.768,Tórshavn,Europe,Faroe Islands,14,36,71,106,124,125,111,98,80,49,20,6,840
60.1674098,24.9425769,Helsinki,Europe,Finland,38,70,138,194,284,297,291,238,150,93,36,29,1858
43.2961743,5.3699525,Marseille,Europe,France,150,156,215,245,293,326,366,327,254,205,156,143,2836
48.8566969,2.3514616,Paris,Europe,France,63,79,129,166,194,202,212,212,168,118,68,51,1662
41.6934591,44.8014495,Tbilisi,Europe,Georgia,99,102,142,171,213,249,256,248,206,164,103,93,2046
52.5170365,13.3888599,Berlin,Europe,Germany,47,74,121,159,220,222,217,211,156,112,51,37,1626
50.1106444,8.6820917,Frankfurt,Europe,Germany,50,80,121,178,211,219,233,219,156,103,51,41,1662
37.9839412,23.7283052,Athens,Europe,Greece,158,168,189,225,304,360,384,360,252,198,144,105,2848
35.0081272,25.7389817,Ierapetra,Europe,Greece,156,159,208,240,319,355,385,368,308,236,201,167,3102
47.4983815,19.0404707,Budapest,Europe,Hungary,62,93,137,177,234,250,271,255,187,141,69,52,1988
64.145981,-21.9422367,Reykjavik,Europe,Iceland,20,60,109,164,201,174,168,155,120,93,41,22,1326
53.3497645,-6.2602732,Dublin,Europe,Ireland,59,75,109,160,195,179,164,157,129,103,71,53,1453
45.4668,9.1905,Milan,Europe,Italy,59,96,152,177,211,243,285,251,186,130,66,59,1915
41.8933203,12.4829321,Rome,Europe,Italy,121,133,167,201,264,285,332,298,237,195,129,112,2473
56.9493977,24.1051846,Riga,Europe,Latvia,31,62,127,183,264,288,264,229,153,93,39,22,1754
54.6870458,25.2829111,Vilnius,Europe,Lithuania,36,71,117,164,241,231,219,217,140,94,33,25,1588
35.8989818,14.5136759,Valletta,Europe,Malta,169,178,227,254,310,337,377,352,270,224,195,161,3054
47.0244707,28.8322534,Chișinău,Europe,Moldova,75,80,125,187,254,283,299,295,226,169,75,58,2126
42.4415238,19.2621081,Podgorica,Europe,Montenegro,123,126,170,194,251,276,340,314,252,201,126,109,2481
52.3745403,4.8979755,Amsterdam,Europe,Netherlands,63,88,126,183,222,206,217,197,139,109,62,51,1662
41.9960924,21.4316495,Skopje,Europe,North Macedonia,87,113,161,198,245,276,323,305,248,188,115,80,2339
59.9133301,10.7389701,Oslo,Europe,Norway,40,76,126,178,220,250,246,216,144,86,51,35,1668
52.2319581,21.0067249,Warsaw,Europe,Poland,43,59,115,150,211,237,226,214,153,99,39,25,1571
38.7077507,-9.1365919,Lisbon,Europe,Portugal,143,157,208,234,291,303,353,344,261,214,156,143,2806
44.4361414,26.1027202,Bucharest,Europe,Romania,71,85,140,186,245,267,288,282,225,177,87,62,2115
55.7504461,37.6174943,Moscow,Europe,Russia,37,65,142,213,274,299,323,242,171,88,33,14,1901
43.5854823,39.723109,Sochi,Europe,Russia,96,107,146,162,220,258,279,282,225,195,120,87,2178
44.8178131,20.4568974,Belgrade,Europe,Serbia,72,102,153,188,242,261,291,274,204,163,97,65,2112
48.1516988,17.1093063,Bratislava,Europe,Slovakia,65,82,152,204,264,270,276,270,207,143,60,47,2038
46.0499803,14.5068602,Ljubljana,Europe,Slovenia,71,114,149,178,235,246,293,264,183,120,66,56,1974
41.3828939,2.1774322,Barcelona,Europe,Spain,158,171,206,239,258,287,293,264,229,196,153,137,2591
40.4167047,-3.7035825,Madrid,Europe,Spain,148,157,214,231,272,310,359,335,261,198,157,124,2769
37.3886303,-5.9953403,Seville,Europe,Spain,179,183,224,234,287,312,351,328,250,218,186,154,2906
57.7072326,11.9670171,Gothenburg,Europe,Sweden,48,75,151,201,274,286,285,245,178,108,47,29,1922
59.3251172,18.0710935,Stockholm,Europe,Sweden,40,72,135,185,276,292,260,221,154,99,54,33,1821
47.3723941,8.5423328,Zurich,Europe,Switzerland,48,77,125,159,186,204,230,208,151,93,50,35,1566
41.0096334,28.9651646,Istanbul,Europe,Turkey,71,88,133,180,251,300,322,295,243,164,102,68,2218
50.4500336,30.5241361,Kiev,Europe,Ukraine,31,57,124,180,279,270,310,248,210,155,60,31,1955
55.9533456,-3.1883749,Edinburgh,Europe,United Kingdom,54,79,115,145,188,166,172,162,129,101,71,46,1427
51.5073219,-0.1276474,London,Europe,United Kingdom,62,78,115,169,199,204,212,205,149,117,73,52,1633
51.0534234,-114.0625892,Calgary,North America,Canada,119.5,144.6,177.2,220.2,249.4,269.9,314.1,284,207,175.4,121.1,114,2396.3
58.7693101,-94.1736843,Churchill,North America,Canada,79.7,117.7,177.8,198.2,197,243,281.7,225.9,112,58.1,55.3,53.1,1799.5
53.535411,-113.507996,Edmonton,North America,Canada,100.8,121.7,176.3,244.2,279.9,285.9,307.5,282.3,192.7,170.8,98.4,84.5,2344.8
63.7577822,-68.5587568,Iqaluit,North America,Canada,32.4,94,172.2,216.5,180.5,200.2,236.8,156.8,87.9,51.4,35.6,12.6,1476.8
45.4972159,-73.6103642,Montreal,North America,Canada,101,128,164,178,229,240,272,246,182,144,84,84,2051
43.653963,-79.387207,Toronto,North America,Canada,85.9,111.3,161,180,227.7,259.6,279.6,245.6,194.4,154.3,88.9,78.1,2066.4
49.2608724,-123.1139529,Vancouver,North America,Canada,60.1,91,134.8,185,222.5,226.9,289.8,277.1,212.8,120.7,60.4,56.5,1937.6
60.721571,-135.054932,Whitehorse,North America,Canada,43.8,105.5,163.2,238.5,251.1,266.7,247.6,226.5,132.7,84.9,39.8,26.8,1827.1
49.8955367,-97.1384584,Winnipeg,North America,Canada,114.7,133.9,181.9,241.4,285.3,276.3,308.3,281.4,189,147.4,93.9,99.5,2352.9
-16.4955455,-68.1336229,La Paz,North America,Mexico,200,234,271,292,332,322,287,258,257,272,233,190,3148
19.4326296,-99.1331785,Mexico City,North America,Mexico,240,234,268,232,225,183,176,176,157,194,232,236,2555
25.6802019,-100.3152586,Monterrey,North America,Mexico,142,154,195,193,192,206,249,242,200,170,163,133,2239
18.0018152,-92.9330401,Villahermosa,North America,Mexico,168,185,252,215,278,217,252,245,167,150,170,144,2443
35.0841034,-106.6509851,Albuquerque,North America,United States,234.2,225.3,270.2,304.6,347.4,359.3,335,314.2,286.7,281.4,233.8,223.3,3415.4
61.2163129,-149.8948523,Anchorage,North America,United States,82.9,120.5,195.8,235.3,288.7,274.7,250.1,203.9,159.8,117.1,80.6,51.8,2061.2
43.9532381,-90.1218405,Juneau,North America,United States,80.9,89.2,137.3,182.3,231.7,189.3,182.9,161.6,109.6,66.2,58.5,41.2,1530.7
33.7490987,-84.3901849,Atlanta,North America,United States,164,171.7,220.5,261.2,288.6,284.8,273.8,258.6,227.5,238.5,185.1,164,2738.3
30.2711286,-97.7436995,Austin,North America,United States,163.8,169.3,205.9,205.8,227.1,285.5,317.2,297.9,233.8,215.6,168.3,153.5,2643.7
39.2908816,-76.610759,Baltimore,North America,United States,155.4,164,215,230.7,254.5,277.3,290.1,264.4,221.8,205.5,158.5,144.5,2581.7
43.6166163,-116.200886,Boise,North America,United States,109.3,151.9,238.6,281.4,335.5,351.6,399.8,358.8,303.6,238.1,119.6,105.2,2993.4
42.3602534,-71.0582912,Boston,North America,United States,163.4,168.4,213.7,227.2,267.3,286.5,300.9,277.3,237.1,206.3,143.2,142.3,2633.6
35.2271986,-80.843083,Charlotte,North America,United States,173.3,180.3,234.8,269.6,292.1,289.2,290,272.9,241.4,230.5,178.4,168.5,2821
41.8755616,-87.6244212,Chicago,North America,United States,135.8,136.2,187,215.3,281.9,311.4,318.4,283,226.6,193.2,113.3,106.3,2508.4
41.5051613,-81.6934446,Cleveland,North America,United States,101,122.3,167,216,263.6,294.6,307.2,262.2,219,169.5,89.8,67.8,2280
39.9622601,-83.0007065,Columbus,North America,United States,110.6,126.3,162,201.8,243.4,258.1,260.9,235.9,212,183.1,104.2,84.3,2182.6
32.7762719,-96.7968559,Dallas,North America,United States,183.5,178.3,227.7,236,258.4,297.8,332.4,304.5,246.2,228.1,183.8,173,2849.7
39.7392364,-104.9848623,Denver,North America,United States,215.3,211.1,255.6,276.2,290,315.3,325,306.4,272.3,249.2,194.3,195.9,3106.6
42.3315509,-83.0466403,Detroit,North America,United States,119.9,138.3,184.9,217,275.9,301.8,317,283.5,227.6,176,106.3,87.7,2435.9
31.7754152,-106.4646348,El Paso,North America,United States,254.5,263,326,348,384.7,384.1,360.2,335.4,304.1,298.6,257.6,246.3,3762.5
36.7394421,-119.7848307,Fresno,North America,United States,141.5,196.9,286.2,335.5,398.9,412.2,428.2,399.6,345.9,302.3,189.9,127.1,3564.2
21.304547,-157.8556764,Honolulu,North America,United States,213.5,212.7,259.2,251.8,280.6,286.1,306.2,303.1,278.8,244,200.4,199.5,3035.9
29.7589382,-95.3676974,Houston,North America,United States,143.4,155,192.5,209.8,249.2,281.3,293.9,270.5,236.5,228.8,168.3,148.7,2577.9
39.7683331,-86.1583502,Indianapolis,North America,United States,132.1,145.7,178.3,214.8,264.7,287.2,295.2,273.7,232.6,196.6,117.1,102.4,2440.4
30.3321838,-81.655651,Jacksonville,North America,United States,189.4,193.8,257.9,286.4,303.9,283.6,282,262.4,228.2,214.6,193.9,183.6,2879.7
39.100105,-94.5781416,Kansas City,North America,United States,183.7,174.3,223.9,257.8,285,305.5,329.3,293.9,240.5,213.6,155.3,147.1,2809.9
36.1672559,-115.1485163,Las Vegas,North America,United States,245.2,246.7,314.6,346.1,388.1,401.7,390.9,368.5,337.1,304.4,246,236,3825.3
34.0536909,-118.2427666,Los Angeles,North America,United States,225.3,222.5,267,303.5,276.2,275.8,364.1,349.5,278.5,255.1,217.3,219.4,3254.2
38.2542376,-85.759407,Louisville,North America,United States,140.5,148.9,188.6,221.1,263.4,288.9,293.6,272.6,234.3,208.5,135.7,118.3,2514.4
35.1490215,-90.0516285,Memphis,North America,United States,166.6,173.8,215.3,254.6,301.5,320.6,326.9,307,251.2,245.9,173,151.9,2888.3
25.7742658,-80.1936589,Miami,North America,United States,219.8,216.9,277.2,293.8,301.3,288.7,308.7,288.3,262.2,260.2,220.8,216.1,3154
43.0349931,-87.922497,Milwaukee,North America,United States,140.2,151.5,185.4,213.5,275.5,304.5,321.1,281.2,215.1,178,112.8,104.8,2483.6
44.9772995,-93.2654692,Minneapolis,North America,United States,156.7,178.3,217.5,242.1,295.2,321.9,350.5,307.2,233.2,181,112.8,114.3,2710.7
36.1622296,-86.7743531,Nashville,North America,United States,139.6,145.2,191.3,231.5,261.8,277.7,279,262.1,226.4,216.8,148.1,130.6,2510.1
29.9499323,-90.0701156,New Orleans,North America,United States,153,161.5,219.4,251.9,278.9,274.3,257.1,251.9,228.7,242.6,171.8,157.8,2648.9
40.7127281,-74.0060152,New York,North America,United States,162.7,163.1,212.5,225.6,256.6,257.3,268.2,268.2,219.3,211.2,151,139,2534.7
35.4729886,-97.5170536,Oklahoma City,North America,United States,200.8,189.7,244.2,271.3,295.2,326.1,356.6,329.3,263.7,245.1,186.5,180.9,3089.4
41.2587459,-95.9383758,Omaha,North America,United States,167.8,157.6,206.4,230.1,277.1,314,332.5,296.3,245.5,217.5,148,134.1,2726.9
39.9527237,-75.1635262,Philadelphia,North America,United States,155.7,154.7,202.8,217,245.1,271.2,275.6,260.1,219.3,204.5,154.7,137.7,2498.4
33.4484367,-112.0741417,Phoenix,North America,United States,256,257.2,318.4,353.6,401,407.8,378.5,360.8,328.6,308.9,256,244.8,3871.6
40.4416941,-79.9900861,Pittsburgh,North America,United States,93.9,108.5,155.4,182.8,217.4,242.2,254.9,228.4,196.7,167.3,99.4,74.4,2021.3
45.5202471,-122.6741949,Portland,North America,United States,85.6,116.4,191.1,221.1,276.1,290.2,331.9,298.1,235.7,151.7,79.3,63.7,2340.9
35.7803977,-78.6390989,Raleigh,North America,United States,163.8,173.1,228.9,250.7,258.4,267.7,259.5,239.6,217.6,215.4,174,157.6,2606.3
37.5385087,-77.43428,Richmond,North America,United States,172.5,179.7,233.3,261.6,288,306.4,301.4,278.9,237.9,222.8,183.5,163,2829
38.5815719,-121.4943996,Sacramento,North America,United States,145.5,201.3,278,329.6,406.3,419.5,440.2,406.9,347.8,296.7,194.9,141.1,3607.8
40.7596198,-111.8867975,Salt Lake City,North America,United States,127.4,163.1,241.9,269.1,321.7,360.5,380.5,352.5,301.1,248.1,150.4,113.1,3029.4
29.4246002,-98.4951405,San Antonio,North America,United States,159.4,169.7,215.5,209.7,221.8,275.9,308.8,293.9,234.9,218,171.9,149.7,2629.2
32.7174209,-117.1627714,San Diego,North America,United States,239.3,227.4,261,276.2,250.5,242.4,304.7,295,253.3,243.4,230.1,231.3,3054.6
37.7790262,-122.4199061,San Francisco,North America,United States,185.9,207.7,269.1,309.3,325.1,311.4,313.3,287.4,271.4,247.1,173.4,160.6,3061.7
47.6038321,-122.3300624,Seattle,North America,United States,69.8,108.8,178.4,207.3,253.7,268.4,312,281.4,221.7,142.6,72.7,52.9,2169.7
38.6268039,-90.1994097,St. Louis,North America,United States,161.2,158.3,198.3,223.5,266.5,291.9,308.9,269.8,236.1,208.4,140.9,129.9,2593.7
27.9477595,-82.458444,Tampa,North America,United States,199.9,202.7,267.5,299.1,314.5,277.8,265.3,249.5,223,233.9,201.7,191.6,2926.5
32.2228765,-110.9748477,Tucson,North America,United States,259.9,258.2,320.7,357.2,400.8,396.9,342.7,335.6,316.4,307.4,264.4,245.8,3806
36.1556805,-95.9929113,Tulsa,North America,United States,175.8,171.7,219.6,244.4,266.7,294.8,334.7,305.3,232.5,218.6,161.1,160.8,2786
36.8529841,-75.9774183,Virginia Beach,North America,United States,171.5,175.2,229.3,252.8,271.7,280.1,278.3,260.4,231.4,208.3,175.7,160.4,2695.1
38.8948932,-77.0365529,Washington,North America,United States,144.6,151.8,204,228.2,260.5,283.2,280.5,263.1,225,203.6,150.2,133,2527.7
37.6922361,-97.3375448,Wichita,North America,United States,190.9,186.4,230.4,257.8,289.8,305,342.1,309.2,245.6,226.3,170.2,168.7,2922.4
32.665135,-114.4760316,Yuma,North America,United States,268.4,270.8,335.5,365.5,407.4,415.4,392.6,375.6,341.7,319.6,270.1,252.7,4015.3
15.7833743,-86.7917749,La Ceiba,North America,Honduras,170.5,192.1,217,234,213.9,192,201.5,217,174,151.9,144,151.9,2259.8
12.1461244,-86.273717,Managua,North America,Nicaragua,263.5,254.2,291.4,276,229.4,186,151.9,195.3,210,223.2,231,248,2759.9
8.9714493,-79.5341802,Panama City,North America,Panama,228.9,245.2,183.9,173.1,108.5,116.3,106.1,118.1,99.2,103.9,139.8,120.5,1743.5
18.465299,-66.116666,San Juan,North America,Puerto Rico,118.9,200.2,288.9,153.1,214.5,310.3,302.1,268.1,212.2,222.9,139.8,120.5,2700.5
13.6989939,-89.1914249,San Salvador,North America,El Salvador,301,277,294,243,220,174,239,257,180,211,267,294,2957
48.3832725,7.4718731,Saint-Pierre,North America,Saint Pierre and Miquelon,49.6,70.2,115.5,131.9,165.8,172.6,164.8,173.5,156.1,119,63,45.4,1427.3
-34.6075682,-58.4370894,Buenos Aires,South America,Argentina,279,240.8,229,220,173.6,132,142.6,173.6,189,227,252,266.6,2525.2
-54.8069332,-68.3073246,Ushuaia,South America,Argentina,180.2,150.4,124.9,92.7,78,50.3,35,58.3,87.6,113,140,170.8,1281.2
-34.7871961,-68.4380712,Mendoza,South America,Argentina,297.6,257.6,235.6,219,195.3,168,182.9,229.4,225,282.1,294,285.2,2871.7
-34.9206797,-57.9537638,La Plata,South America,Argentina,251.1,229.6,210.8,186,155,120,127.1,161.2,171,207.7,225,238.7,2283.2
-16.4955455,-68.1336229,La Paz,South America,Bolivia,182.9,152.6,148.8,165,222.7,240,235.6,217,189,179.8,171,186,2288.9
-23.5506507,-46.6333824,São Paulo,South America,Brazil,170.6,162.2,167.1,165.8,182.3,172.6,187.1,175.3,152.6,153.9,163,150.8,2003.3
-10.3333333,-53.2,Brasília,South America,Brazil,154.4,157.5,180.9,201.1,234.3,253.4,266.5,262.9,203.2,168.2,142.5,138.1,2363.3
-22.9110137,-43.2093727,Rio de Janeiro,South America,Brazil,211.9,201.3,206.4,181,186.3,175.1,188.6,184.8,146.2,152.1,168.5,179.6,2181.1
-3.7304512,-38.5217989,Fortaleza,South America,Brazil,225.2,182.3,150,157.1,208.4,238.7,268.3,295.9,281.6,291.4,282.2,262.3,2843.4
-3.1316333,-59.9825041,Manaus,South America,Brazil,114.3,87.7,98.5,111.9,148.6,184.8,214.2,225,200.5,171.2,140.9,130.9,1828.5
-25.4295963,-49.2712724,Curitiba,South America,Brazil,184.4,160.8,172,164.2,178.3,160.2,173.4,175.4,134.1,155.5,177,170.9,2006.2
4.59808,-74.0760439,Bogotá,South America,Colombia,156,128,107,88,83,94,114,117,109,96,103,138,1328
10.9799669,-74.8013085,Barranquilla,South America,Colombia,283,245,241,211,187,194,217,208,166,167,191,252,2561
6.2443382,-75.573553,Medellín,South America,Colombia,175.5,149,154.2,127.9,138.9,173,203.2,191.6,153.4,132.9,136.4,156.2,1892.2
3.4517923,-76.5324943,Cali,South America,Colombia,183,155.8,166.5,139,147.1,153.1,189.9,175.1,157.4,151.1,153.8,170.1,1941.9
40.1766024,-4.8498756,Buenaventura,South America,Colombia,87,87,96,105,99,99,115,124,93,99,87,87,1178
35.3555075,133.8678525,Totoró,South America,Colombia,73,58,53,48,60,47,49,52,50,43,47,57,637
9.8694792,-83.7980749,Santiago,South America,Chile,362.7,302.3,272.8,201,155,120,145.7,161.2,186,248,306,347.2,2807.9
-23.6463741,-70.3980033,Antofagasta,South America,Chile,319.3,291,294.5,252,229.4,207,204.6,213.9,219,260.4,276,310,3077.1
-39.8141965,-73.2458525,Valdivia,South America,Chile,257.3,228.8,204.6,123,68.2,45,65.1,89.9,111,127.1,189,207.7,1716.7
-41.4718121,-72.939621,Puerto Montt,South America,Chile,226.3,211.9,167.4,123,80.6,60,74.4,102.3,129,155,171,213.9,1714.8
-22.4623917,-68.9272181,Calama,South America,Chile,353.4,305.1,319.3,312,306.9,297,310,316.2,321,356.5,363,365.8,3926.2
-0.2201641,-78.5123274,Quito,South America,Ecuador,197,140,122,136,164,189,249,256,196,177,197,215,2238
-2.1899066,-79.887726,Guayaquil,South America,Ecuador,102.3,101.7,139.5,150,167.4,123,127.1,133.3,144,136.4,120,136.4,1581.1
-51.6950575,-57.8491693,Stanley,South America,Falkland Islands,198,161,169,115,77,57,69,90,128,189,200,198,1651
4.9371143,-52.3258307,Cayenne,South America,French Guiana,94.3,89.9,119,118.1,118.8,148.6,196.5,229.8,255.2,251.1,217.3,137.5,1976
-25.2800459,-57.6343814,Asunción,South America,Paraguay,276,169,246,254,228,205,165,195,223,204,242,295,2803
-16.3988667,-71.5369607,Arequipa,South America,Peru,223.2,189.3,244.9,294,288.3,291,291.4,310,297,303.8,309,291.4,3333.3
-12.0621065,-77.0365256,Lima,South America,Peru,179.1,169,139.2,184,116.4,50.6,28.6,32.3,37.3,65.3,89,139.2,1230
-3.749365,-73.2444145,Iquitos,South America,Peru,137.2,97.1,105.8,97.4,110.3,113.7,140.8,154.7,139,131.8,124.2,124.6,1476.7
-34.9059039,-56.1913569,Montevideo,South America,Uruguay,294.9,230.6,222.8,179.6,164.2,129.7,139.7,164.4,182.3,239,248.9,285.3,2481.4
10.506098,-66.9146017,Caracas,South America,Venezuela,229.4,217.5,235.6,183,182.9,183,210.8,217,213,210.8,210,213.9,2506.9
10.6499149,-71.6396282,Maracaibo,South America,Venezuela,300,279,286,257,243,253,301,279,272.5,283,258,273,3284
-34.9281805,138.5999312,Adelaide,Oceania,Australia,325.5,285.3,266.6,219,167.4,138,148.8,186,204,257.3,273,294.5,2765.4
-27.4689682,153.0234991,Brisbane,Oceania,Australia,263.5,223.2,232.5,234,235.6,198,238.7,266.6,270,275.9,270,265.4,2968.4
-35.2975906,149.1012676,Canberra,Oceania,Australia,294.5,254.3,251.1,219,186,156,179.8,217,231,266.6,267,291.4,2813.7
-12.46044,130.8410469,Darwin,Oceania,Australia,176.7,162.4,210.8,261,297.6,297,313.1,319.3,297,291.4,252,213.9,3092.2
-42.8825088,147.3281233,Hobart,Oceania,Australia,248,206.2,198.4,159,130.2,117,136.4,155,177,201.5,207,229.4,2165.1
-37.8142176,144.9631608,Melbourne,Oceania,Australia,266.6,228.8,223.2,186,142.6,120,136.4,164.3,183,223.2,225,263.5,2362.6
-31.9527121,115.8604796,Perth,Oceania,Australia,356.5,314.9,295.5,246,211.7,180.6,188.4,219.8,232.4,299.8,320.4,359.4,3229.5
-33.8548157,151.2164539,Sydney,Oceania,Australia,235.6,202.4,213.9,207,195.3,177,204.6,244.9,237,244.9,228,244.9,2635.5
-18.1415884,178.4421662,Suva,Oceania,Fiji,192.2,178,170.5,153,145.7,141,136.4,142.6,135,164.3,168,195.3,1922
-36.852095,174.7631803,Auckland,Oceania,New Zealand,228.8,194.9,189.2,157.3,139.8,110.3,128.1,142.9,148.6,178.1,188.1,197.2,2003.1
-43.530955,172.6366455,Christchurch,Oceania,New Zealand,224.4,190.5,177.4,155.6,133.3,117.7,124.8,149,166.6,201.3,215.3,214.3,2070.2
-41.2887953,174.7772114,Wellington,Oceania,New Zealand,240.3,205,194.7,153.8,126,102.3,111.4,137.2,163.2,191.1,210.8,222.9,2058.7
-9.4743301,147.1599504,Port Moresby,Oceania,Papua New Guinea,182,158,184,200,211,200,203,222,213,231,243,216,2463
-9.4310769,159.9552552,Honiara,Oceania,Solomon Islands,186,155.4,198.4,192,210.8,198,186,204.6,192,226.3,216,164.3,2330